{"cameraMode":{"drawMode":0,"name":"Shaded","section":"Shading Mode"},"sceneLighting":false,"audioPlay":false,"sceneViewState":{"m_AlwaysRefresh":false,"showFog":false,"showSkybox":false,"showFlares":false,"showImageEffects":false,"showParticleSystems":false,"showVisualEffectGraphs":true,"m_FxEnabled":true},"in2DMode":false,"pivot":{"x":-0.023014366626739503,"y":-0.04013848304748535,"z":-0.05002981424331665},"rotation":{"x":0.1441030353307724,"y":-0.006802501622587442,"z":0.0009899705182760954,"w":0.9895409345626831},"size":0.7594243884086609,"orthographic":false}